total_return,annual_return,max_drawdown,sharpe,calmar,rebalance_count,trades
46.225717564385626,18.452815550134495,-21.686772633045674,0.7458594597913014,0.8508788219606559,54,908
